Index,0 [UBYTE] [0xC],1 [UBYTE] [0xD],2 [UBYTE] [0xE],3 [UINT] [0x0],4 [UBYTE] [0xF],5 [UINT] [0x4],6 [UINT] [0x8],7 [BBOOL] [0x12],8 [BBOOL] [0x12],9 [UBYTE] [0x10],10 [UBYTE] [0x11]
131072,0,17,0,0,0,0,0,false,false,0,0
131073,1,17,0,0,0,0,6686,false,false,0,0
131074,2,17,0,0,0,0,6476,false,false,0,0
131075,3,17,0,0,0,0,6479,false,false,0,0
131076,4,17,0,0,2,720898,6475,true,false,0,1
131077,5,17,0,0,0,0,6481,false,false,0,0
131078,6,17,0,0,0,0,6482,false,false,0,0
131079,7,17,0,0,0,0,6483,false,false,0,0
131080,8,17,0,0,0,0,6484,false,false,0,0
131081,9,17,0,0,0,0,6485,false,false,0,0
131082,10,17,0,0,0,0,6486,false,false,0,0
131083,11,17,0,0,0,0,6487,false,false,0,0
131084,12,17,0,0,20,0,6502,false,false,0,0
131085,13,17,0,0,0,0,6488,false,false,0,0
131086,14,17,0,0,0,0,6489,false,false,0,0
131087,15,17,0,0,0,0,6477,false,false,0,0
131088,16,17,0,0,0,0,6478,false,false,0,0
131089,17,17,0,0,0,0,6480,false,false,0,0
131090,18,17,0,0,0,0,6490,false,false,0,0
131091,19,17,0,0,0,0,6491,false,false,0,0
131092,20,17,0,0,0,0,6687,false,false,0,0
131093,21,17,0,0,0,0,6492,false,false,0,0
131094,22,17,0,0,1,0,6600,true,false,0,1
131095,23,17,0,0,0,0,6494,false,false,0,0
131096,24,17,0,0,0,0,6495,false,false,0,0
131097,25,17,0,0,0,0,6496,false,false,0,0
131098,26,17,0,0,11,721037,6497,false,false,0,0
131099,27,17,0,0,0,0,6503,false,false,0,0
131100,28,17,0,0,12,721037,6498,false,false,0,0
131101,29,17,0,0,13,0,6499,false,false,0,0
131102,30,17,0,0,14,721037,6500,false,false,0,0
131103,31,17,0,0,15,0,6501,false,false,0,0
131104,32,17,0,0,0,0,6504,false,false,0,0
131105,33,17,0,0,0,0,6505,false,false,0,0
131106,34,17,0,0,0,721037,6506,false,false,0,0
131107,35,17,0,0,0,0,6507,false,false,0,0
131108,36,17,0,0,0,0,6508,false,false,0,0
131109,37,17,0,0,0,0,6509,false,false,0,0
131110,38,17,0,0,0,0,6510,false,false,0,0
131111,39,17,0,0,0,0,6511,false,false,0,0
131112,40,17,0,0,0,721037,6512,false,false,0,0
131113,41,17,0,0,24,720898,7115,true,false,0,1
131114,42,17,0,0,0,0,7116,false,false,0,0
131115,43,17,0,0,0,0,7117,false,false,0,0
131116,44,17,14,0,30,0,7118,false,false,0,0
131117,45,17,14,0,30,0,7119,false,false,0,0
131118,46,17,14,0,30,0,7120,false,false,0,0
131119,47,17,14,0,30,0,7121,false,false,0,0
131120,48,17,0,0,0,0,7122,false,false,0,0
131121,49,17,0,0,0,0,7123,false,false,0,0
131122,50,17,0,0,0,0,7124,false,false,0,0
131123,51,17,0,0,0,0,7125,false,false,0,0
131124,52,17,0,0,0,0,7126,false,false,0,0
131125,53,17,0,0,0,0,7127,false,false,0,0
131126,54,17,0,0,23,0,7128,false,false,0,0
131127,55,17,0,0,23,0,7129,false,false,0,0
131128,56,17,0,0,23,0,7130,false,false,0,0
131129,57,17,5,0,28,721097,7989,true,false,0,1
131130,58,17,0,0,0,0,7990,false,false,0,0
131131,59,17,0,0,0,0,7991,false,false,0,0
131132,60,17,0,0,0,0,7992,false,false,0,0
131133,61,17,0,0,0,0,7993,false,false,0,0
131134,62,17,0,0,0,0,7994,false,false,0,0
131135,63,17,0,0,0,0,7995,false,false,0,0
131136,64,17,0,0,0,0,7996,false,false,0,0
131137,65,17,0,0,0,0,7997,false,false,0,0
131138,66,17,0,0,0,0,7998,false,false,0,0
131139,67,17,0,0,0,0,7999,false,false,0,0
131140,68,17,0,0,0,0,8000,false,false,0,0
131141,69,17,0,0,0,0,8001,false,false,0,0
131142,70,17,0,0,0,0,8002,false,false,0,0
131143,71,17,0,0,0,0,8003,false,false,0,0
131144,72,17,0,0,0,0,8822,false,false,0,0
131145,73,17,0,0,0,0,8828,false,false,0,0
131146,74,17,0,0,37,852752,8823,false,true,0,0
131147,75,17,0,0,0,0,8816,false,false,0,0
131148,76,17,0,0,0,0,8817,false,false,0,0
131149,77,17,0,0,0,0,8818,false,false,0,0
131150,78,17,0,0,0,0,8819,false,false,0,0
131151,79,17,0,0,0,0,8820,false,false,0,0
131152,80,17,0,0,0,0,8821,false,false,0,0
131153,81,17,0,0,37,852753,8824,false,true,0,0
131154,82,17,0,0,37,852754,8825,false,true,0,0
131155,83,17,0,0,0,0,8826,false,false,0,0
131156,84,17,0,0,0,0,8827,false,false,0,0
131157,85,17,0,0,0,0,9739,false,false,0,0
131158,86,17,13,0,30,0,9740,false,false,0,0
131159,87,17,0,0,0,0,9741,false,false,0,0
131160,88,17,0,0,0,0,9742,false,false,0,0
131161,89,17,0,0,0,0,9743,false,false,0,0
131162,90,17,0,0,0,0,9744,false,false,0,0
131163,91,17,0,0,0,0,9745,false,false,0,0
131164,92,17,0,0,0,0,9746,false,false,0,0
131165,93,17,0,0,0,0,9747,false,false,0,0
131166,94,17,0,0,0,0,12113,false,false,0,0
131167,95,17,0,0,0,0,13084,false,false,0,0
131168,96,17,0,0,0,0,14061,false,false,0,0
131169,97,17,0,0,0,0,12114,false,false,0,0
131170,98,17,0,0,0,0,12115,false,false,0,0
131172,100,17,0,0,0,0,16149,false,false,3,0
131173,101,17,0,0,0,0,16150,false,false,3,0
131174,102,17,0,0,0,0,16151,false,false,3,0
131175,103,17,0,0,0,0,13085,false,false,5,0
131176,104,17,0,0,57,0,13086,false,false,5,0
131177,105,17,0,0,58,0,13087,false,false,5,0
131178,106,17,0,0,0,0,9748,false,false,0,0
131179,107,17,0,0,0,0,9749,false,false,0,0
131180,108,17,6,0,38,0,8837,true,false,0,3
131181,109,17,0,0,37,721037,16003,false,false,3,0
131182,110,17,0,0,37,721037,16004,false,false,3,0
131183,111,17,0,0,37,721037,16005,false,false,3,0
131185,113,17,0,0,45,0,12111,false,false,0,0
131186,114,17,0,0,46,0,12112,false,false,0,0
131187,115,17,0,0,55,0,13088,false,false,0,0
131188,116,17,0,0,56,0,13089,false,false,0,0
131189,117,17,0,0,47,0,12234,false,false,0,0
131190,118,17,0,0,0,0,12235,false,false,0,0
131191,119,17,0,0,0,0,14062,false,false,0,0
131192,120,17,15,0,30,0,12670,false,false,0,0
131193,121,17,0,0,47,0,12671,false,false,0,0
131194,122,17,0,0,47,0,13090,false,false,0,0
131195,123,17,0,0,48,0,13091,false,false,0,0
131196,124,17,0,0,0,0,14058,false,false,0,0
131197,125,17,0,0,0,0,14059,false,false,0,0
131198,126,17,0,0,0,0,14060,false,false,0,0
131199,127,17,0,0,47,0,14063,false,false,0,0
131200,128,17,0,0,0,0,14064,false,false,0,0
131201,129,17,0,0,59,0,14065,false,false,0,0
131204,132,17,0,0,0,721037,13354,false,false,0,0
131205,133,17,0,0,0,0,13355,false,false,0,0
131206,134,17,15,0,30,0,14066,false,false,0,0
131207,135,17,0,0,0,0,14067,false,false,5,0
131208,136,17,0,0,0,0,15157,false,false,0,0
131209,137,17,0,0,47,0,15158,false,false,0,0
131210,138,17,0,0,0,0,15159,false,false,0,0
131211,139,17,0,0,0,0,15160,false,false,0,0
131212,140,17,0,0,0,0,15161,false,false,0,0
131214,142,17,0,0,62,721037,15163,false,false,5,0
131215,143,17,0,0,0,0,15981,false,false,0,0
131216,144,17,0,0,0,0,15982,false,false,0,0
131217,145,17,0,0,0,0,15983,false,false,0,0
131218,146,17,0,0,0,0,15985,false,false,5,0
131219,147,17,0,0,0,0,15266,false,false,5,0
131220,148,17,0,0,0,0,0,false,false,0,0
131221,149,17,0,0,0,0,0,false,false,0,0
131222,150,17,0,0,0,0,15984,false,false,0,0
131223,151,17,5,0,28,721097,15953,true,false,0,1
131224,152,17,5,0,28,721097,15954,true,false,0,1
131225,153,17,5,0,28,721097,15955,true,false,0,1
131226,154,17,0,0,66,0,15986,false,false,5,0
131227,155,17,0,0,67,0,15987,false,false,5,0
131228,72,17,0,0,0,0,16002,false,false,3,0
131232,83,17,0,0,0,0,16006,false,false,3,0
131233,84,17,0,0,0,0,16007,false,false,3,0
131234,73,17,0,0,0,0,16008,false,false,3,0
